mylocation,title,area,price,price_m2,location,date,ad_id,price_total,ad_text,size,progress_cons,clean_coords,,,url
Баруун 4 зам,Баруун 4 зам жэм паласт 63мкв оффис,63,570,9,"УБ — Баянгол, Баруун 4 зам",Нийтэлсэн: Өнөөдөр 13:30,9437091,"570 сая ₮
620 сая ₮","Баруун 4 зам, Gem Palace оффис, худалдаа үйлчмлгээний төвд 63.1мкв Оффис талбай ХУДАЛДАНА
10 давхарт
Үнэ: 570 сая
Бартер сонсоно",63 м²,Ашиглалтад орсон,47.916677 106.897889,,,https://www.unegui.mn/adv/9437091_baruun-4-zam-zhem-palast-63mkv-offis/
КТМС,"Шинэ 100 айлд оффис 80,75мкв",81,4,4,"УБ — Баянзүрх, Баянзүрх, Хороо 2",Нийтэлсэн: Өнөөдөр 13:21,9416469,"4 сая ₮
үнэ тохирно","100 н айлаас зүүн тийш Шинэ айл барилгын материалын худалдааны төвд оффис зарна.
-Цонх хойшоо болон зүүн харсан
-3 давхарт
-80,75 мк
-Саруулхан өрөө тасалгаатай
-Ажлын 4 н хэсэг өрөө тасалгаатай
-Дотроо нойлгүй (үүдний харалдаа)",81 м²,Ашиглалтад орсон,47.935624 106.939012,,,https://www.unegui.mn/adv/9416469_offis-zarna/
5-р сургууль,Тасган таурт 39.14мкв оффис талбай,39,254.41,6.5,"УБ — Чингэлтэй, Чингэлтэй, Хороо 5",Нийтэлсэн: Өнөөдөр 13:00,9451753,254.41 сая ₮,"Тасган таурт 39.14мкв оффис талбай худалдана.
Гэрчилгээ бэлэн банкаар авах боломжтой",39 м²,Ашиглалтад орсон,47.92397 106.902687,,,https://www.unegui.mn/adv/9451753_tasgan-taurt-39-14mkv-offis-talbai-khudaldana/
Талбай,Хотын төвд city tower-т 211.69 мк.в оффис,212,7.6,7.6,"УБ — Сүхбаатар, Сүхбаатар, Хороо 1",Нийтэлсэн: Өнөөдөр 11:17,9215856,"7.6 сая ₮
үнэ тохирно","Хотын төвд City Tower-т 211.69 мк.в оффис зарна.Дахин хуваалт хийх, өрөөний зохион байгуулалт өөрчлөх боломжтой 3 том заал, 1 амралтын өрөө, 2 нойлын өрөөтэй.Гэрчилгээ бэлэн.Шаардлага хангасан тохиолдолд банкны зээлээр шийдэж өгөх боломжтой.Орон сууц бартердах боломжтой.",212 м²,Ашиглалтад орсон,47.912432 106.921754,,,https://www.unegui.mn/adv/9215856_khotyn-tovd-city-tower-t-offis-zarna/
Баянбүрд,Тасган товерт оффис 74мк талбай,74,482.04,6.5,"УБ — Чингэлтэй, Баянбүрдийн тойрог",Нийтэлсэн: Өнөөдөр 09:56,9299916,482.04 сая ₮,"Хувь лизинг хийх боломжтой
Бизнес эрхлэгчид болон. хөрөнгө оруулагч нарын анхааралд..
Баян бүрдийн тойрогийн баруун урд талд “Тасган товер” оффист жижиг талбайтай оффис-ыг 50% урьдчилгаа төлөөд хувь лизинг хийх боломжтой. Хугацаа 1 жил
74.16мкв = 482,040,000₮ / 50%=241,020,00₮
талбайтай оффис-ыг худалдана
~ 13 давхарт
~ Төв зам руу харсан харууцтай
~ Дотроо АЦ өрөөтэй
~ Гал тогооны хэсэг шийдсэн
Төлбөрийн нөхцөл: Урьдчилгаа төлөөд хувь лизинг хийх боломжтой.
60% -н гэрчилгээ гарсан байгаа.",74 м²,Ашиглалтад орсон,47.9278806292485 106.90571821241,,,https://www.unegui.mn/adv/9299916_tasgan-tovert-offis-khudaldana/
Цэцэрлэгт хүрээлэн,Himchan center оффис 67.27мк талбай,67,487,7.3,"УБ — Баянзүрх, Баянзүрх, Хороо 26",Нийтэлсэн: Өнөөдөр 00:57,9450490,"487 сая ₮
үнэ тохирно","📣📣Үнэ буурлааа 📣📣
𝐇𝐢𝐦𝐜𝐡𝐚𝐧 𝐂𝐞𝐧𝐭𝐞𝐫-т оффис, үйлчилгээний зориулалттай талбай худалдана.
📍БЗД 26-р хороо, Сүмбэр орд хотхоны замын эсрэг талд.
9/8 давхарт | 67.27 мкв | Оффис, үйлчилгээний талбай
Нийт үнэ: 487.000.000₮
Төлбөрийн нөхцөл:
✔️Бэлэн /Бэлэн төлөлтөнд ярилцана/
✔️Банкны зээлээр авах боломжтой.
✔️Бартерт 20-30% машин сонсоно.
Нэмэлт мэдээлэл:
✔️Төв зам дагуу
✔️Гарц, орц сайтай
✔️Цутгамал бетонон караказ, шилэн фасадтай
✔️Том өргөн лифттэй
✔️Хүн амын төвлөрөл ихтэй орчинд, 35.000 хэрэглэгчтэй.
✔️Гэрчилгээ гарахад бэлэн.",67 м²,Ашиглалтад орсон,47.903294 106.948778,,,https://www.unegui.mn/adv/9450490_himchan-center-offis-uilchilgeenii-zoriulalttai-talbai/
Мишээл,Мишээл сити оффис 106мк талбай,106,6.5,6.5,"УБ — Хан-Уул, Мишээл",Нийтэлсэн: Өчигдөр 22:31,9450279,"6.5 сая ₮
үнэ тохирно",Бартер сонсоно.,106 м²,Ашиглалтад орсон,47.891921 106.887409,,,https://www.unegui.mn/adv/9450279_misheel-siti-106m2-offis-khudaldana/
Баянбүрд,Баянбүрд логос төвд оффис 50.44мк талбай,50,210,4.2,"УБ — Чингэлтэй, Баянбүрд",Нийтэлсэн: 2025-06-14 20:53,9447086,"210 сая ₮
үнэ тохирно","Баянбүрдэд 50.44мвк оффис худалдана.
✅ 12/9
✅ Зүүн харсан цэлгэр цонхтой
✅ Хотын төвд
✅ Засвар хийх шаардлагагүй
✅ Эргэн тойронд автозогсоол сайтай
Үнэ: 210,000,000
https://maps.app.goo.gl/ubDuow7m6tMt13Kr9?g_st=com.google.maps.preview.copy",50 м² м²,Ашиглалтад орсон,47.928945 106.906205,,,https://www.unegui.mn/adv/9447086_baianburd-logos-tovd-50-44-mvk/
Цэцэрлэгт хүрээлэн,Парк Вью хотхонд оффис 48мк талбай,48,4.5,4.5,"УБ — Баянзүрх, Баянзүрх, Хороо 26",Нийтэлсэн: 2025-06-13 18:27,9443778,4.5 сая ₮,"Парк Вью хотхонд студийн зориулалтаар ашиглаж байсан 47,35м2 талбай худалдана.",48 м²,Ашиглалтад орсон,47.903294 106.948778,,,https://www.unegui.mn/adv/9443778_studiin-zoriulalttai-talbai-zarna/
"40, 50 мянгат","Оффис, үйлчилгээний талбай",130,850,6.5,"УБ — Чингэлтэй, Чингэлтэй, Хороо 2",Нийтэлсэн: 2025-06-13 16:06,9381076,"850 сая ₮
910 сая ₮ үнэ тохирно","Бөмбөгөр худалдааны төвийн хажууд 130мкв талбайтай оффис, үйлчилгээний талбай худалдана. Өвөлдөө дулаахан. Гадна харууц сайтай. Үйлчилгээний төв, автобусны буудалтай ойр.",130 м²,Ашиглалтад орсон,47.917773 106.898907,,,https://www.unegui.mn/adv/9381076_bairlal-saitai-offis-uilchilgeenii-talbai-khudaldana/
Баруун 4 зам,Баруун 4 зам grand plaza- д оффис талбай,118,5.5,5.5,"УБ — Баянгол, Баруун 4 зам",Нийтэлсэн: 2025-06-13 14:55,9442977,5.5 сая ₮,"Баруун 4 зам Grand plaza- д оффис талбай худалдана
- Урагшаа болон баруун харсан цонхтой
- Дотроо АЦӨ-тэй
- Гэрчилгээ бэлэн",118 м²,Ашиглалтад орсон,47.916677 106.897889,,,https://www.unegui.mn/adv/9442977_baruun-4-zam-grand-plaza-d-offis-talbai-khudaldana/
Баруун 4 зам,Баруун 4-н зам gem place оффис,63,570,9,"УБ — Баянгол, Баруун 4 зам",Нийтэлсэн: 2025-06-12 14:08,9439173,570 сая ₮,"Баруун_4зам_оффисын_талбай_худалдана
📌Баруун 4 замын Gem palace-д 63,1мкв оффис, талбай худалдана.",63 м²,Ашиглалтад орсон,47.916677 106.897889,,,https://www.unegui.mn/adv/9439173_baruun-4-n-zam-gem-place-offis/
Орос 3,Сөүл плаза оффис талбай,341,3050,8.9,"УБ — Сүхбаатар, Сүхбаатар, Хороо 3",Нийтэлсэн: 2025-06-12 10:57,8944831,"3.05 Тэрбум ₮
3.5 Тэрбум ₮ үнэ тохирно","📍 Хүүхдийн100, Солонго ресторан, СӨҮЛ ПЛАЗА-д буюу СБД 3-р хороо, 5 хороолол Сөүлийн гудамж 20/1 байранд Үйлчилгээ, оффисын зориулалттай 341.5 м.кв талбайг тохижилттой нь худалдана.
Үнэ: 3,049,595,000 төгрөг /1м.кв 8.930к/
Дотооод зохион байгуулалт:
🏬 Угтан авах Ресепшн
🏬 Үйлчилгээний заал
🏬 Уулзалтын өрөө
🏬 Хяналтын хэсэг
🏬 Цайны өрөө
🏬 Хурлын өрөө
🏬 Back office
🏬 Захирлын өрөө
🏬 Амралтын өрөө
🏬 Хувцас солих өрөө
🏬 Сервер өрөө
🏬 Шилэн хаалт, бүрэн тохижолттой
🏬 Оффис чиглэлээр ажиллаж байсан
🏬 Хотын төв хэсэгт, байрлал сайтай
🏬 Зүүн, баруун, хойшоо харсан харууцтай
🏬 Оффис менежмент зардал 1 м.кв 7,0к
🏬 Бизнес оффисийн нэгдсэн төвлөрөл
🏬 Бүх чиглэлээр ажиллуулах боломжтой",341 м²,Ашиглалтад орсон,47.911556 106.902558,,,https://www.unegui.mn/adv/8944831_soul-plaza-offis-talbai-khudaldana/
11-р хороолол,11-р хорооллын зам дагуу office,82,5,5,"УБ — Сүхбаатар, 11-р хороолол",Нийтэлсэн: 2025-06-11 13:51,8734441,"5 сая ₮
үнэ тохирно","11-р хорооллын зам дагуу, байршил сайтай, Хаан банктай байрны 3 давхарт офиссийн талбай худалдана.",82 м²,Ашиглалтад орсон,47.924962 106.927646,,,https://www.unegui.mn/adv/8734441_office-khudaldana/
120 мянгат,Гэгээнтэн цогцолборт 137.28 м2 оффис,137,9,9,"УБ — Хан-Уул, 120 мянгат",Нийтэлсэн: 2025-06-08 21:09,9402438,9 сая ₮,"🏢Гэгээнтэн цогцолбор 137.28 м2 оффис зарна.
Хаяг: Хан-Уул дүүрэг, 15-р хороо, Тэмээтэй хөшөөний зүүн урд зам дагуу Гэгээнтэн цогцолбор хойд оффис 10 давхар
Талбай: 137.28 м2 маш цэвэрхэн дотроо ариун цэврийн өрөөтэй
Үнэ: м2 9 сая
🌇🏙🌠Харагдац: Баруун болон хойд зүг рүү харсан 2 талд цэлгэр цонхтой давхартаа 3 ААН тэй
🚘В1 давхарт 1 авто машины дулаан зогсоолтой
Тавилга үнэ тохиролцоно
Дотроо ариун цэврийн өрөөтэй
Жич: ✅Агент оролцуулахгүй
✅Нэр шилжих гэрчилгээ хувь хүн дээр бэлэн байна
✅Бартер хийх боломжгүй
✅Авто зогсоол тусдаа 60 сая үнэлгээтэй
✅БАНК болон ББСБ-ын зээлээр авах боломжтой",137 м²,Ашиглалтад орсон,47.901399 106.910038,,,https://www.unegui.mn/adv/9402438_gegeenten-tsogtsolbor-offis-137-28-m2/
Бөмбөгөр,"Тэнгис, МН тауэр 60 мкв оффис",60,7.7,7.7,"УБ — Чингэлтэй, Урт цагаан",Нийтэлсэн: Өнөөдөр 13:50,9384075,"7.7 сая ₮
үнэ тохирно","MN Tower, 60м² Оффисын талбай худалдана.
16 давхарт
Цонхны харууц: Баруун
Нийт үнэ: 462,000,000₮
(М² үнэ: 7,700,000₮)
Онцлогууд:
• Хотын төвийн А зэрэглэлийн байршил
• Цэвэрхэн тохижилттой, ашиглалтад орсон
• Өндөр зэрэглэлийн оффисын орчин
• Саруулхан, байгалийн гэрэл сайтай",60 м² м²,Ашиглалтад орсон,47.9194651787068 106.904787349781,,,https://www.unegui.mn/adv/9384075_tengis-mn-tauer-60-mkv-offis/
Хүүхдийн 100,Seoul plaza-д оффис,65,650,10,"УБ — Сүхбаатар, Хүүхдийн 100",Нийтэлсэн: Өнөөдөр 13:32,9005605,650 сая ₮,"Хотын төвд ААА зэрэглэл хүүхдийн 100-д байрлах Seoul plaza-д 65м- оффис худалдана. Маш цэвэрхэн цэвэрлэгээ сайтай. - 24 цаг ажиллах боломжтой.
- 10/6 давхарт
- Урагшаа харсан цонхтой
- Гал тогооны хэсэгтэй
- Шилэн хаалттай 1 өрөөтэй
Төлбөрийн нөхцөл бэлэн болон банкаар худалдаж авах боломжтой.
Гэрчилгээ бэлэн.",65 м²,Ашиглалтад орсон,47.9131348714244 106.902142765518,,,https://www.unegui.mn/adv/9005605_seoul-plaza-d-offis-khudaldana/
Дөлгөөн нуур,Баянбүрдэд оффис,50,210,4.2,"УБ — Сүхбаатар, Сүхбаатар, Хороо 9",Нийтэлсэн: Өнөөдөр 13:31,9451901,210 сая ₮,"Баянбүрдэд 50.44мвк оффис худалдана.
Үнэ-210 сая
✅ 12/9
✅ Зүүн харсан цэлгэр цонхтой
✅ Хотын төвд
✅ Засвар хийх шаардлагагүй
✅ Эргэн тойронд автозогсоол сайтай",50 м² м²,Ашиглалтад орсон,47.931917 106.912458,,,https://www.unegui.mn/adv/9451901_baianburded-offis-khudaldana/
Талбай,"СБД, 1-р хороо ААА байршилд 320 м2 оффис",320,3200,10,"УБ — Сүхбаатар, Сүхбаатар, Хороо 1",Нийтэлсэн: Өнөөдөр 08:16,9344603,3.2 Тэрбум ₮,"💎СБД 1 хороо ААА байршилд 320м2 оффис худалдана.
Үнэ:3.2тэрбум₮.
✅Засвар сайтай, олон өрөөтэй
✅Таазны өндөр 5м, Харагдац сайхан
-Блю скай, Меру товер, ICC, Шангрила, Чойжин музей, Хуримын ордонгийн хажууд",320 м²,Ашиглалтад орсон,47.912432 106.921754,,,https://www.unegui.mn/adv/9344603_sbd-1-khoroo-aaa-bairshild-320m2-offis/
19-р хороолол,Мишээл сити м1-т оффис,106,7.5,7.5,"УБ — Хан-Уул, Хан-Уул, Хороо 2",Нийтэлсэн: Өчигдөр 22:12,9216881,"7.5 сая ₮
8 сая ₮","Ашиглалтанд орсон засвар хийсэн 106.53м2 оффис болон бусад зориулалтаар ашиглаж болохоор талбай худалдана. Бартер сонсоно. харууц маш гоё, 17 давхарт",106 м²,Ашиглалтад орсон,47.893878 106.887541,,,https://www.unegui.mn/adv/9216881_misheel-siti-m1-t-offis-zarna/
5-р сургууль,"Хотын төвд суис-н дэргэд оффис 90,88мкв",91,472.58,5.2,"УБ — Чингэлтэй, 5-р сургуулийн ойролцоо",Нийтэлсэн: Өчигдөр 13:45,9286270,472.58 сая ₮,"📸Хотын төвд ОФФИС ХУДАЛДАНА.
⚜️СУИС баруун талд САН АПАРТМЕНТ-д 90,88мкв оффис, үйлчилгээний талбайг яаралтай ХЯМД худалдана.
▪️5/3 давхарт, зүүн цонхтой,
▪️Дотроо устай,
〽️Мкв 5,2сая₮ (Гэрчилгээ бэлэн)",91 м²,Ашиглалтад орсон,47.9249879447153 106.911617628072,,,https://www.unegui.mn/adv/9286270_khotyn-tovd-suis-n-derged-offis-khudaldana/
Тэнгис,Чд-ийн хажууд оффис үйлчилгээний талбай,143,790,5.5,"УБ — Чингэлтэй, Тэнгис кино театр",Нийтэлсэн: Өчигдөр 10:12,9432807,790 сая ₮,"Хотын төвд ЧД-ийн хажууд #оффис үйлчилгээний талбай худалдана
📍143мкв
📍4 өрөө
📍8/3 давхарт
📍Үл хөдлөхийн гэрчилгээ бэлэн",143 м²,Ашиглалтад орсон,47.9229357794646 106.904755282749,,,https://www.unegui.mn/adv/9432807_chd-iin-khazhuud-offis-uilchilgeenii-talbai-khudaldana/
Цирк,Сант сургуулийн баруун талд оффисийн талбай 170м2,170,9,9,"УБ — Сүхбаатар, 5-р хороолол",Нийтэлсэн: Өчигдөр 10:03,9400365,"9 сая ₮
үнэ тохирно","Сант сургуулийн баруун талд удахгүй ашиглалтад орох оффисийн талбай худалдана
🔥 MEGA CENTRO - Танд тансаг орчин, таатай байршлыг санал болгож байна.🔥
Яагаад авах ёстой вэ?
🏙 ААА зэрэглэлийн бүс, СБД 2-р хороо Аса циркийн урд, “Сант” сургууль, ЕБ-ийн 31-р сургуулийн баруун тал, Нарны зам дагуу байрлалтай
🏗 Газар хөдлөлтийн 8 баллд тэсвэртэй инженерийн шийдэл
🌿 Айл бүрийн агаарын чанарыг сайжруулах цэвэршүүлэх систем
🔇 REYNAERS брэндийн гадна орчны дуу чимээ, тоос шороог бүрэн тусгаарлах шилэн фасад
Яарах ёстой шалтгаан:
✨ Цөөхөн үлдсэн
5-р давхрын 170 м² талбайтай, 3 тал руугаа буюу урагшаа, зүүн, баруун харсан цонх бүхий агаар сэлгэлт, үзэгдэх харагдац сайтай, үйлчилгээ болон оффисын зориулалттай талбай
Хэзээ ашиглалтад орох вэ:
📅 Ашиглалтанд орох хугацаа: 2025.08.01",170 м²,Ашиглалтад ороогүй,47.911254 106.901097,,,https://www.unegui.mn/adv/9400365_sant-surguuliin-baruun-tald-udakhgui-ashiglaltad-orokh-offisiin-talbai-khudaldana/
13-р хороолол,"13-р хороололд 182м2 оффис, үйлчилгээний талбай",182,880,4.8,"УБ — Баянзүрх, 13-р хороолол",Нийтэлсэн: Өчигдөр 09:58,9373994,880 сая ₮,"🏢13 хороолол Шинэ монгол сургуулийн баруун талд 182мкв оффис, үйлчилгээний талбай #ХУДАЛДАНА
▪️1 давхарт, хойшоо урагшаа харууцтай. Агаар сэлгэлт маш сайн
▪️Оффис, Цэцэрлэг сургалтын төв, өдөр өнжүүлэх бүхий л чиглэлээр ашиглах боломжтой
▪️Шинэ Монгол, Оюунлаг, Шинэ үе, Төгс дэлгэрэх сургуулиудтай ойр
▪️Төвийн шугаманд холбогдсон
▪️380 V цахилгаантай
▪️Шалны халаалттай
▪️Тохижилттой. Суурилуулсан тавилгууд үлдэнэ
Худалдах үнэ: 880 сая₮
#оффис #үйлчилгээ",182 м²,Ашиглалтад орсон,47.913249 106.938278,,,https://www.unegui.mn/adv/9373994_13-r-khoroolold-182m2-offis-uilchilgeenii-talbai-zarna/
Зайсан хойно,Их наяд зүүн өндөр 8давхарт 83м2 оффис талбай,83,9.5,9.5,"УБ — Хан-Уул, Хан-Уул, Хороо 15",Нийтэлсэн: 2025-06-13 10:45,7718316,9.5 сая ₮,"Их Наяд Зүүн Өндөр 16 давхар барилгын 8-р давхарт 83м2 оффисын талбай зарна.
🏷️Төлбөрийн нөхцөл: банкны зээл, бэлэн болон 20-30%-д бартер сонсоно
🏷️Олны танил болсон худалдаа үйлчилгээний салбарт та бүхнийг хамтран ажиллахыг санал болгож байна.",83 м²,Ашиглалтад орсон,47.900294 106.917729,,,https://www.unegui.mn/adv/7718316_ikh-naiad-zuun-ondor-8davkhart-83m2-offis-talbai/
МУИС,Хотын төвд gem castle төсөлд оффисын талбай,55,10,10,"УБ — Сүхбаатар, Сүхбаатар, Хороо 6",Нийтэлсэн: 2025-06-13 09:24,8878965,10 сая ₮,"Хотын төвд Метромалл дэлгүүрийн замын урд талд оффисын талбай худалдана.
- Талбайн сонголтуудтай
- Ашиглалтанд орсон
- Засгийн газрын яамдууд,Төрийн ордон, ТӨХК-ын оффисуудтай маш ойр
- Урагшаа болон зүүн харсан цонхнуудтай
Үнэ цэнэтэй байрлалд бизнессийн орчиндоо хөрөнгө оруулалт хийхийг таньд санал болгож байна.",55 м²,Ашиглалтад орсон,47.925535 106.917694,,,https://www.unegui.mn/adv/8878965_khotyn-tovd-gem-castle-tosold-offisyn-talbai-khudaldana/
Баянбүрд,Computer mall 133мкв оффис талбай,133,399,3,"УБ — Чингэлтэй, Баянбүрд",Нийтэлсэн: 2025-06-12 16:40,8862628,399 сая ₮,"📍СБД Computer mall бүрэн тохижилттой оффисын талбай #худалдана
133мкв
мкв үнэ 3сая ( 399 сая)",133 м²,Ашиглалтад орсон,47.928945 106.906205,,,https://www.unegui.mn/adv/8862628_khangai-khotkhony-ard-offis-zarna/
Бага тойрог,"Метро молл-н, метро бизнес төвийн хойно 46.8м2 оффис",47,4.9,4.9,"УБ — Сүхбаатар, Бага тойрог",Нийтэлсэн: 2025-06-12 10:10,9132959,4.9 сая ₮,"Хотын ААА байрлал, Metro mall худалдааны төвийн ард Metro Business Center- t оффис худалдна.
46.8 м2 _ үнэ м2 > 4.8 сая
< 5.2 сая / тавилгатай/",47 м²,Ашиглалтад орсон,47.922769 106.917593,,,https://www.unegui.mn/adv/9132959_metro-moll-n-metro-bizenes-toviin-khoino-46-8m2-offis/
Дөлгөөн нуур,"Сбд, дөлгөөн нуурын тойрог, хоймор оффисд 67,42м2 оффис",67,3.9,3.9,"УБ — Сүхбаатар, Сүхбаатар, Хороо 9",Нийтэлсэн: 2025-06-12 10:09,9437925,3.9 сая ₮,"Сүхбаатарын тайлбайгаас ердөө 1км-ийн зайд байрших бүрэн үйлчилгээт Хоймор оффист, оффис худалдна.
🟩 Япон стандартын хөрөнгийн менежмент
🟩 Цэвэрлэгээ үйлчилгээ
🟩 24/7 харуул хамгаалалт
🟩 Ашиглалтын зардалд цэвэрлэгээ үйлчилгээ багтсан",67 м²,Ашиглалтад орсон,47.931917 106.912458,,,https://www.unegui.mn/adv/9437925_sbd-dolgoon-nuurt-khoimor-offisd-offis-khudaldna/
Дөлгөөн нуур,Хоймор оффист 67 мкв оффис,67,262.9,3.9,"УБ — Сүхбаатар, Дөлгөөн нуур",Нийтэлсэн: 2025-06-11 17:39,9436388,262.9 сая ₮,Хотын төвд ойр 2-р давхарт баруун зам руу харсан 2 цонхтой сайхан оффиссоо зарна,67 м²,Ашиглалтад орсон,47.929336 106.913516,,,https://www.unegui.mn/adv/9436388_khoimort-ofiss-zarna/
Сансар,Сансар их засаг сургуулийн баруун талд оффис 600мк талбай,600,2000,3.3,"УБ — Баянзүрх, Сансар",Нийтэлсэн: 2025-06-10 17:02,9408161,2 Тэрбум ₮,"🌱БЗД, Сансар Их засаг сургуулийн баруун талд 600 мкв оффис, #үйлчилгээний_талбай худалдана.
- 16/04 давхарт
- баруун, зүүн, урд зүгрүү харууцтай
- 2023 онд ашиглалтанд орсон
- гэрчилгээн дээр 430 мкв, бодит хэмжээ 600 мкв
- гэрчилгээ бэлэн
- 8 өрөөтэй",600 м²,Ашиглалтад орсон,47.922859 106.940931,,,https://www.unegui.mn/adv/9408161_sansar-ikh-zasag-surguuliin-baruun-tald-600-mkv-offis/
Талбай,Хотын төвд Gerege tower-т 261.85 m2 оффисын талбай,261,1960,7.5,"УБ — Сүхбаатар, Сүхбаатар, Хороо 1",Нийтэлсэн: 2025-06-10 16:16,9432660,1.96 Тэрбум ₮,"Хотын төвд Gerege tower-т 261.85m2 оффисын талбай худалдана
м2 үнэ: 7,500,000
Нийт үнэ: 1,963,875,000
Талбайн хэмжээ: 261.85m2
Байршил: Хүүхдийн паркийн баруун талд
Давхар: 2 давхарт
Ашиглалтад орсон он: 2014 он
Төлбөрийн нөхцөл: Бэлэн, банк, бартер сонсоно
Давуу тал: : Хотын төвд, төв зам дагуу байрлалтай,
оффис, үйлчилгээний чиглэлээр ашиглах боломжтой
Өсөн нэмэгдэх үнэ цэнэ
Цаг хугацаа хэмнэлт
Бүрэн засвартай
Үйлдвэрлэл, оффис, үйлчилгээ, агуулах, бүх төрлөөр ашиглах боломжтой",261 м²,Ашиглалтад орсон,47.912432 106.921754,,,https://www.unegui.mn/adv/9432660_khotyn-tovd-gerege-tower-t-261-85m2-offisyn-talbai/
Дөлгөөн нуур,Дөлгөөн нуурт зам дагуу оффис үйлчилгээний талбай 530м2,530,4.7,4.7,"УБ — Сүхбаатар, Дөлгөөн нуур",Нийтэлсэн: 2025-06-10 13:42,9366248,4.7 сая ₮,"Дөлгөөн_нуурт зам дагуу оффис үйлчилгээний талбай худалдана
✅️2р давхарт 265.12мкв
✅️3-р давхарт 265.12мкв
✅️ зам дагуу
✅️ бэлэн түрээслэгчтэй
✅️ давхартаа 5н өрөөний хуваалттай
✅️3р давхар хуваалтгүй томоороо (одоогоор биллиард ажиллаж бгаа)
💲Үнэ-4.7сая
Цаг тохирч үзүүлнэ
төлбөрийн нөхцөл бэлэн болон банкаар 20%-д нь бартер оролцуулна",530 м²,Ашиглалтад орсон,47.929336 106.913516,,,https://www.unegui.mn/adv/9366248_dolgoon-nuurt-zam-daguu-offis-uilchilgeenii-talbai-khudaldana/
Талбай,Хотын төвд 80 мкв 3 өрөө оффис,80,599,7.5,"УБ — Сүхбаатар, Сүхбаатар, Хороо 1",Нийтэлсэн: 2025-06-09 17:52,9429388,599 сая ₮,"📍Express Tower-т 80м2 оффис талбай худалдана
▪️Төв шуудангийн баруун хойд талд
▪️15/6 давхарт
▪️М2 7,500,000
▪️ Урагшаа болон баруун харсан цонхтой
▪️ Гэрчилгээ бэлэн",80 м² м²,Ашиглалтад орсон,47.912432 106.921754,,,https://www.unegui.mn/adv/9429388_khotyn-tovd-80m-kv-3-oroo-offis-khudaldana/
"40, 50 мянгат","Чд, суис-н баруун талд номчын өргөө оффис",83,434,5.2,"УБ — Чингэлтэй, Чингэлтэй, Хороо 2",Нийтэлсэн: 2025-06-09 16:06,9412141,434 сая ₮,"📍УБ хот, ЧД, СУИС-н баруун талд Номчын өргөө оффист талбай худалдана.
- 83.4м² талбайтай оффис
- СУИС-н баруун талд хотын төвд ААА бүсэд байрлалтай.
- Гаднаа зогсоолтой
- Ресепшнтэй
- Давхартаа нэгдсэн ариун цэврийн өрөөтэй
- Дээрээ оршин суугчидтай тул сургалт, оффис, эмнэлэг, салон гэх мэт ямарч чиглэлээр үйл ажиллагаа явуулах боломжтой
- 2021 онд ашиглалтанд орсон",83 м²,Ашиглалтад орсон,47.917773 106.898907,,,https://www.unegui.mn/adv/9412141_chd-suis-n-baruun-tald-nomchyn-orgoo-offis-khudaldana/
Модны 2,"БГД, 2-р хороо Баруун 4 зам Гранд плазад 77 м2",77,465.85,6.1,"УБ — Баянгол, Баянгол, Хороо 2",Нийтэлсэн: 2025-06-09 13:35,9316724,465.85 сая ₮,"💎БГД 2 хороо Баруун 4 зам Гранд плазад 77м2 оффис худалдана.
➡Үнэ:465.8сая₮
✅Дулаан зогсоолтой- 56сая₮, АЦӨ-тэй,
✅Дээгүүр давхарт, харагдац сайхан.
- Зээлийг өдөрт нь гаргана.",77 м²,Ашиглалтад орсон,47.915765 106.885441,,,https://www.unegui.mn/adv/9316724_bgd-2-khoroo-baruun-4-zam-grand-plazad-77m2/
Мишээл,Мишээл бизнес тауэрт ариун цэврийн өрөөтэй оффис 88м2 талбай,88,617.26,7,"УБ — Хан-Уул, Мишээл",Нийтэлсэн: 2025-05-28 09:56,9354915,"617.26 сая ₮
үнэ тохирно","Мишээл Сити төслийн М2 тауэрт өндөр давхарт дотроо Ариун цэврийн өрөөний шугамтай, урагшаа харсан цонхтой, салхивч, эйр кондишн, шал цутгалт, цахилгаан, холбоо дохиоллын бүх ажлыг хийсэн оффис зарна.
Бартерт Toyota Prado 150 /2020-2023 оны/ машин оролцуулна.
510 оффисын нэг болж бизнесээ өргөжүүлж, ирээдүйн үнэ цэнийг мэдрээрэй.",88 м²,Ашиглалтад орсон,47.891921 106.887409,,,https://www.unegui.mn/adv/9354915_misheel-biznes-tauert-ondor-davkhart-88m2/
"40, 50 мянгат",Их 8 шарга 93.38м2 талбай,93,350,3.8,"УБ — Чингэлтэй, Чингэлтэй, Хороо 2",Нийтэлсэн: 2025-05-21 15:16,9230089,"350 сая ₮
үнэ тохирно",Их 8 шарга оффисын 4 давхарт байрлалтай үйлчилгээний зориулалттай 93.38 м.кв талбай зарна.,93 м²,Ашиглалтад орсон,47.917773 106.898907,,,https://www.unegui.mn/adv/9230089_ikh-8-sharga-93-38m2-offis/
Яармаг,Хотын төвд 2 өрөө байр оффис,66,5.45,5.5,"УБ — Хан-Уул, Яармаг",Нийтэлсэн: Өнөөдөр 14:50,9032724,5.45 сая ₮,Глобал таунд 66мкв 2 өрөө байр зарна.2 давхарт,66 м²,Ашиглалтад орсон,47.872371 106.814446,,,https://www.unegui.mn/adv/9032724_khotyn-tovd-2-oroo-bair-offisoor-ashiglazh-bolno-zarna/
Талбай,"Соёмбо тауэрт 113,54 мкв оффис",114,1480,13,"УБ — Сүхбаатар, Сүхбаатар, Хороо 1",Нийтэлсэн: Өнөөдөр 14:44,9393379,"1.48 Тэрбум ₮
үнэ тохирно","Соёмбо тауэрт 113,54 мкв оффис худалдана
1мкв 13сая -
Дотор засал хийгдсэн бөгөөд шууд ороход бэлэн.
Үзэгдэх орчин сайтай
Тав тухтай тохилог орчин таныг хүлээж байна
1 давхартаа үнэхээр гоё кофе шоптой, 12 давхартаа ресторан лоунжтой олон янзын зургын үзэсгэлэн байнга тавьж байдаг учир өөрсдийн өвөрмөц төрхийг бий болгож чадсан газар юм. Хааяа кофе уунгаа мундаг уран бүтээлчдийн үзэсгэлэнг шимтэн үзээрэй
💎Хотын Төвд AAA байрлалд Оффис Орон сууц талбай түрээслүүлнэ.
💎Хаяг : СБД 1-р Хороо Драмын Театрын чанх Урд 32 давхар Өндөр Цагаан барилга.
💎Зогсоолын талбай сайтай 3 давхар 150 авто машины ил зогсоолтой
💎Б1, Б2 давхартаа 200 авто машины зогсоолтой
💎Давхартаа 2-3 цөөн тооны оффистой",114 м²,Ашиглалтад орсон,47.912432 106.921754,,,https://www.unegui.mn/adv/9393379_soiombo-tauert-113-54-mkv-offis/
120 мянгат,120мянгат regisplaceт 159мкв оффис талбай,159,1510,9.5,"УБ — Хан-Уул, 120 мянгат",Нийтэлсэн: Өнөөдөр 14:42,8880676,1.51 Тэрбум ₮,"*** ХУД, 15-р хороо. 120 мянгат Тэмээтэй хөшөөний зүүн талд **Regis Place** оффис худалдаа үйлчилгээ, өндөр зэрэглэлийн орон сууц хосолсон барилгад супер засалтай орон сууцыг оффисын талбайгаар ашиглах боломжтой.
*** 158.86 мкв / 11давхарт /2 том өрөө болгож зассан
*** 2 ариун цэврийн өрөөтэй
*** 2 хувцасны өрөөтэй
*** Баруун болон урагшаа харсан
*** Ganbros -ийн чулуун хийцлэлтэй гал тогооны тавилгатай
*** Хана Италийн MapMop нана
**** Худалдах үнэ : 1мкв 9.500.000₮
**** Бартерт машин орон сууц сонирхоно.
Товч мэдээлэл :
*** 1-4 давхартаа худалдаа үйлчилгээ
*** 5-11 давхар оффис
*** 12-20 өндөр зэрэглэл орон сууц
*** Бүтэн шилэн фасадтай
*** В1- В3 автозогсоолтой
*** Оффисоор ашиглах боломжтой",159 м²,Ашиглалтад орсон,47.901399 106.910038,,,https://www.unegui.mn/adv/8880676_120miangat-regisplacet-159mkv-offis-talbai/
19-р хороолол,Сүмбэр тауэрт тохижуулсан оффис,175,1200,6.9,"УБ — Хан-Уул, 19-р хороолол",Нийтэлсэн: Өнөөдөр 14:42,9083095,"1.2 Тэрбум ₮
үнэ тохирно","ХУД 19 хороолол Сүмбэр тауэр-т 175 мкв тохижилттой, тавилгатай оффисын талбай худалдана.
- Шилэн фассадтай
- Хөл хөдөлгөөний бүсэд байрлалтай
- Бүх үйлчилгээ нэг дор төвлөрсөн
- Төрийн үйлчилгээ, нэг цэг, дүүрэг яг хажууд
-Төв зам дагуу автобусны буудал болон бүх үйлчилгээнд ойрхон
-Баруун болон хойшоо харсан тойрог хэлбэрийн шилэн фассадтай
- Интерьер зураг гаргаж бүрэн тохижуулж тавилгажуулсан тохижилттой нь өгнө.",175 м² м²,Ашиглалтад орсон,47.902555 106.901435,,,https://www.unegui.mn/adv/9083095_sumber-tauert-tokhizhuulsan-offis/
Талбай,Hotiin tuv soyombo tower 206mkv office,206,2160,10.5,"УБ — Сүхбаатар, Сүхбаатар, Хороо 1",Нийтэлсэн: Өнөөдөр 14:41,7800625,"2.16 Тэрбум ₮
үнэ тохирно","Soyombo tower 206mkv talbai khudaldana
-management sain
-zogsool sain
-1mkv: 10,500,000tugrug",206 м²,Ашиглалтад орсон,47.912432 106.921754,,,https://www.unegui.mn/adv/7800625_hotiin-tuv-soyombo-tower-206mkv-office/
Талбай,Сбд-ийн 1-р хороо хуримын ордны хойно centrum оффист 115мкв,115,916.08,8,"УБ — Сүхбаатар, Сүхбаатар, Хороо 1",Нийтэлсэн: Өнөөдөр 14:37,9326580,"916.08 сая ₮
үнэ тохирно","СБД-ийн 1-р хороо Хуримын ордны хойно Centrum оффист 115мкв оффис талбай худалдана.
-Хотын төв
-ААА байршил
-Нийт:114.51мкв
-1мкв: 8сая
-Бартер сонсоно
-Гэрчилгээ бэлэн",115 м²,Ашиглалтад орсон,47.912432 106.921754,,,https://www.unegui.mn/adv/9326580_sbd-iin-1-r-khoroo-khurimyn-ordny-khoino-centrum-offist-115mkv/
13-р хороолол,Гумуда плаза дээр талбайтай оффис,24,7,7,"УБ — Баянзүрх, 13-р хороолол",Нийтэлсэн: Өнөөдөр 14:37,9417272,7 сая ₮,"✅Байршил: Баянзүрх дүүрэг, Хавдар судлалын автобусны буудал дээр
GUMUDA PLAZA
🌱1-5давхарт худалдаа үйлчилгээ
Үнэ : 1мкв 13сая
Мкв сонголтууд 15.96мкв дээш
🌱6-11давхарт оффис талбай
Үнэ: 1мкв 7сая
64.6мкв дээш сонголттой
🌱12 давхар ресторан 970мкв
Хуваалт хийх боломжтой.
🌱Төлбөрийн нөхцөл :
1. Урьд 50% үлдэгдэл ашиглалтанд орох хүртэл хуваан төлөлт хийж болно
3. Урьд 50% үлдэгдэл банкаар авч болно
6,8 Давхарыг давхараар нь авах
боллмжтой.
Нийлүүлээд томруулаад авах боломжтой
2025 оны 2-р улиралд ашиглалтанд орно",24 м²,Ашиглалтад ороогүй,47.913249 106.938278,,,https://www.unegui.mn/adv/9417272_gumuda-plaza-deer-zhizhig-talbaitai-offis-talbai-uian-khatan-nokhtsolteigoor-khudaldana/
Мишээл,Мишээл сити м2 блокд оффис,56,365.37,6.5,"УБ — Хан-Уул, Мишээл",Нийтэлсэн: Өнөөдөр 14:33,9289862,365.37 сая ₮,"Misheel M2 tower-t 🏢
Оффис худалдана.
👉🏻56,21мкв
👉🏻Баруун харууцтай🌳
👉🏻20/9давхарт
👉🏻гэрчилгээ бэлэн
ҮНЭ:1мкв 6,500,000",56 м²,Ашиглалтад орсон,47.891921 106.887409,,,https://www.unegui.mn/adv/9289862_misheel-siti-m2-blokd-offis-khudaldana/
Багшийн дээд,Хотын төвд river castle-д 79 мкв оффис,79,461,5.8,"УБ — Сүхбаатар, ШУТИС",Нийтэлсэн: Өнөөдөр 14:04,9452004,461 сая ₮,"Хотын төвд Чингис зочид буудлын баруун талд Бизнес зэрэглэлийн RIVER CASTLE центрийн 4 давхарт 79.7м2 шинэ оффис 1мкв үнэ ₮5,785,000 төгрөгөөр худалдана.
➡️Давуу талууд:
📌Хотын төвд бүх үйлчилгээнд ойр
▪️Баруун харсан цонхтой
▪️3,2м өндөр таазтай
▪️1давхарт нь GS25 зэрэг үйлчилгээний газруудтай
▪️ Банкны зээлээр авч болно /Орон сууцны/",79 м²,Ашиглалтад орсон,47.9222061460227 106.923454955501,,,https://www.unegui.mn/adv/9452004_khotyn-tovd-river-castle-d-79-mkv-offis/
Талбай,"Soyombo tower 166,47 мкв оффис",166,11.5,11.5,"УБ — Сүхбаатар, Сүхбаатар, Хороо 1",Нийтэлсэн: Өнөөдөр 13:50,9344022,"11.5 сая ₮
үнэ тохирно","СБД дүүрэг 𝟏-р хороо, 𝐒𝐎𝐘𝐎𝐌𝐁𝐎 𝐓𝐎𝐖𝐄𝐑-т 𝟏𝟔𝟔.𝟒𝟕 мкв оффис талбай худалдана.
▪️𝟕 давхарт
▪️Урагшаа, баруун , хойшоо харагдацтай
▪️Дотроо 𝟒-𝟓 хуваалттай
▪️Хуваалтуудыг аваад 𝟏 томоор нь зал болгох боломжтой
Үнэ: Мкв 𝟏𝟏.𝟓 сая
𝟏,𝟗𝟏𝟒,𝟒𝟎𝟓,𝟎𝟎𝟎₮
📌Бартерт орон сууц сонсоно/ Үнийн дүнгийн 𝟐𝟓%-д/
Урьдчилан цаг товлон үзнэ үү.
📍Байршил: Хотын төвд , Драмын театрын баруун талд",166 м²,Ашиглалтад орсон,47.912432 106.921754,,,https://www.unegui.mn/adv/9344022_soyombo-tower-166-47-mkv-offis/
Цирк,"Сбд хүүхдийн 100, солонго ресторан, сөүл плаза-д үйлчилгээ, оффисын талбай",341,3100,9.1,"УБ — Сүхбаатар, 5-р хороолол",Нийтэлсэн: Өнөөдөр 13:40,9281511,3.1 Тэрбум ₮,"Хүүхдийн100, Солонго ресторан, СӨҮЛ ПЛАЗА-д буюу СБД Үйлчилгээ, оффисын зориулалттай 341.5 м.кв талбайг тохижилттой нь худалдана.
📌Үнэ: 3.1 тэрбум төгрөгөөс /1м.кв 9,08сая/
Дотооод зохион байгуулалт:
▫️Угтан авах Ресепшн
▫️Үйлчилгээний заал
▫️Уулзалтын өрөө
▫️Хяналтын хэсэг
▫️Цайны өрөө
▫️Хурлын өрөө
▫️Back office
▫️Захирлын өрөө
▫️Амралтын өрөө
▫️Хувцас солих өрөө
▫️Сервер өрөө
▫️Шилэн хаалт, бүрэн тохижолттой
▫️Оффис чиглэлээр ажиллаж байсан
▫️Хотын төв хэсэгт, байрлал сайтай
▫️Зүүн, баруун, хойшоо харсан харууцтай
▫️Оффис менежмент зардал 1 м.кв 7,0к
▫️Бизнес оффисийн нэгдсэн төвлөрөл
▫️Бүх чиглэлээр ажиллуулах боломжтой.",341 м²,Ашиглалтад орсон,47.911254 106.901097,,,https://www.unegui.mn/adv/9281511_khuukhdiin100-solongo-restoran-soul-plaza-d-buiuu-sbd-uilchilgee-offisyn-zoriulal/
Зайсан хойно,Regis-д жижиг оффис 55.52м2,55,750,13.6,"УБ — Хан-Уул, Хан-Уул, Хороо 15",Нийтэлсэн: Өнөөдөр 13:27,9331959,750 сая ₮,"📌 худ 15 хороо тэмээтэй хөшөөний хажууд
regis place 55.52м2 оффис зориулалттай талбайг худалдана
- үнэ 750.000.000 сая \ гэрчилгээ бэлэн \
- төлбөрийн нөхцөл бэлэн болон банк
- цонх баруун харсан
- 7 давхарт",55 м²,Ашиглалтад орсон,47.900294 106.917729,,,https://www.unegui.mn/adv/9331959_regis-d-zhizhig-offis/
100 айл,100-н айл bsb-н чанх хойно геронтологийн үндэсний төвд 24м2 үйлчилгээний талбай,24,155,6.5,"УБ — Сүхбаатар, 100 айл",Нийтэлсэн: Өнөөдөр 13:26,9417403,155 сая ₮,"🏢 100-н айл BSB-н чанх хойно Геронтологийн үндэсний төвд 24м2 үйлчилгээний талбай худалдана.
   📍 Үнэ :155,000,000₮
✔️ Үйлчилгээний төв болон оффисоор ашиглаж боломжтой.",24 м²,Ашиглалтад орсон,47.935774 106.923258,,,https://www.unegui.mn/adv/9417403_100-n-ail-bsb-n-chankh-khoino-gerontologiin-undesnii-tovd-24m2-uilchilgeenii-talbai/
Сансар,Шинэ айл худалдааны төвд оффис,54,260,4.8,"УБ — Баянзүрх, Сансар",Нийтэлсэн: Өнөөдөр 13:25,9082686,"260 сая ₮
үнэ тохирно","Сансарын тойргоос 100 айл явах зам дагуу сэлбэ голын баруун талд Шинэ айл барилгын материалын худалдааны төвд оффисын зориулалттай талбай худалдана.
3 давхарт
52,43м2
Төлбөрийн нөхцөл бэлнээр болон банкаар / гэрчилгээ сул /
Бүх төрлөөр оффислож, бүх төрлийн сургалтын үйл ажиллагаа явуулах боломжтой.
Зогсоол сайтай
Төв зам дагуу байрлалтай",54 м²,Ашиглалтад орсон,47.922859 106.940931,,,https://www.unegui.mn/adv/9082686_shine-ail-khudaldaany-tovd-offis-khudaldana/
Яармаг,Яармагт оффис 76.7мк талбай,76,6.5,6.5,"УБ — Хан-Уул, Яармаг",Нийтэлсэн: Өнөөдөр 13:04,9340823,6.5 сая ₮,"ХУД, Нүхтийн зам дагуу тансаг зэрэглэлийн United Mall-д 76,7 мкв оффисын талбай худалдана.
- 5 давхарт, баруун тийш харсан
- 8 сард ашиглалтанд орно
- 50% бартер сонсоно",76 м²,Ашиглалтад ороогүй,47.872371 106.814446,,,https://www.unegui.mn/adv/9340823_iaarmagt-shineer-ashiglaltand-orzh-bui-offis-khudaldana/
Яармаг,Yarmag tower-т оффис 77мк талбай,77,385,5,"УБ — Хан-Уул, Яармаг",Нийтэлсэн: Өнөөдөр 12:45,9451664,385 сая ₮,"Төв замтай ойр
Номин макро хажууд
Эмнэлэг болон Цагдаагын хэлтэсийн дэргэд байрлалтай
Оффис болон үйлчилгээний зориулалтаар ашиглах боломжтой",77 м²,Ашиглалтад орсон,47.872371 106.814446,,,https://www.unegui.mn/adv/9451664_yarmag-tower-t-offis/
Цэцэрлэгт хүрээлэн,Paradise plaza-д оффис 760.02мк талбай,760,7,7,"УБ — Баянзүрх, Баянзүрх, Хороо 26",Нийтэлсэн: Өнөөдөр 12:27,9072554,7 сая ₮,"БЗД 26-р хороо Баянмонгол хорооллын урд байрлах 2024 онд ашиглалтанд орсон
♦️𝐏𝐚𝐫𝐚𝐝𝐢𝐬𝐞 𝐏𝐥𝐚𝐳𝐚-д 760.02 м2 үйлчилгээ, оффисын зориулалттай талбай худалдана.
💰 М.кв үнэ: 7,000,000₮
✅ Төлбөрийн нөхцөл:
✔️ Бэлэн болон банкны зээлээр худалдан авах боломжтой
✔️ 40% Бартер сонсоно
✔️ Банкны зээл ажлын 3 хоногт шийдэж өгөх боломжтой",760 м²,Ашиглалтад орсон,47.903294 106.948778,,,https://www.unegui.mn/adv/9072554_paradise-plaza/
Баруун 4 зам,Гранд плазад тохижилттой оффис 242м2,242,5.6,5.6,"УБ — Баянгол, Баруун 4 зам",Нийтэлсэн: Өнөөдөр 12:27,9338654,5.6 сая ₮,"📍Гранд плазад тохижилттой оффис худалдана.
- 242,1м2 талбайтай
- 12/9 давхарт
- Урагшаа, зүүн, баруун харсан цонхтой
- Тавилга, тохижилтыг дагалдуулж өгнө
- м2- 5,6сая₮",242 м²,Ашиглалтад орсон,47.916677 106.897889,,,https://www.unegui.mn/adv/9338654_grand-plazad-tokhizhilttoi-offis-khudaldana/
Мишээл,Мишээл бизнес тауэрт оффисын 106.53м.кв талбай,106,6.5,6.5,"УБ — Хан-Уул, Мишээл",Нийтэлсэн: Өнөөдөр 12:18,9286855,"6.5 сая ₮
үнэ тохирно","🌇Улаанбаатар хотын хамгийн том төсөл болох Мишээл Сити төслийн 𝐌𝐈𝐒𝐇𝐄𝐄𝐋 𝐁𝐔𝐒𝐈𝐍𝐄𝐒𝐒 𝐓𝐎𝐖𝐄𝐑-т оффисын талбайнууд зах зээлийн үнээс хямд худалдана.
2 сонголттой
Зүүн урагшаа
Баруун хойшоо харсан дээгүүр давхарт маш гоё оффис худалдана.үнэ ярилцана аа зүгээр ирээд үзээрэй",106 м²,Ашиглалтад орсон,47.891921 106.887409,,,https://www.unegui.mn/adv/9286855_misheel-biznes-tauert-106-51m2-offisyn-talbai-khudaldana/
Дөлгөөн нуур,Дөлгөөн нуур pro one office- д 1 өрөө оффисын талбай 49.5м2,50,5,5,"УБ — Сүхбаатар, Дөлгөөн нуур",Нийтэлсэн: Өнөөдөр 12:03,9408967,"5 сая ₮
үнэ тохирно","Дөлгөөн нуурт Pro one office-д
49.5м2 1 өрөө оффис худалдана
📍 11 давхарт/ дотроо нойлтой
📍 Баруун харсан цонхтой
Үнэ: 5 сая",50 м² м²,Ашиглалтад орсон,47.929336 106.913516,,,https://www.unegui.mn/adv/9408967_dolgoon-nuur-pro-one-office-d-1-oroo-offisyn-talbai-khudaldana/
19-р хороолол,"Худ, 𝟏𝟗р хороолол сүмбэр тауэр-т бүрэн тохижилттой оффис",175,1230,7,"УБ — Хан-Уул, 19-р хороолол",Нийтэлсэн: Өнөөдөр 15:03,9373855,1.23 Тэрбум ₮,"📍ХУД, 𝟏𝟗р хороолол СҮМБЭР ТАУЭР-т  бүрэн тохижилттой Оффис талбай худалдана.
                                     ✅ ҮНЭ : 𝟏 мкв нь 𝟕.𝟎𝟎𝟎.𝟎𝟎𝟎
          НИЙТ ҮНЭ : 𝟏 тэрбум 𝟐𝟐𝟓 сая
▪️Талбайн хэмжээ: 𝟏𝟕𝟓 мкв
▪️𝟏𝟒 давхарт
▪️Урагшаа хойшоо харсан цонхтой
▪️Шилэн өрөөний хуваалттай",175 м² м²,Ашиглалтад орсон,47.902555 106.901435,,,https://www.unegui.mn/adv/9373855_khud-19r-khoroolol-sumber-tauer-t-buren-tokhizhilttoi-offis/
Талбай,Lux center-т 411 мкв оффис,411,2790,6.8,"УБ — Сүхбаатар, Сүхбаатар, Хороо 1",Нийтэлсэн: Өнөөдөр 15:19,8980012,2.79 Тэрбум ₮,"Хотын төв, 103-н хойно Lux Center-т 411 мкв оффис худалдана.
💰 Нийт үнэ: 2,794,800,00 ₮;
💵 М.кв үнэ: 6,800,000 ₮;
Төлбөрийн нөхцөл:
✔️ Бэлэн төлөлт;
✔️ Банкны зээлээр худалдан авах боломжтой;
Нэмэлт мэдээлэл:
🔹Дундуур давхарт | 411 м.кв
🔹Цонхны байрлал: Зүүн болон урагшаа;
🔹Засвар хийх шаардлагагүй;
🔹Маш цэвэрхэн, нүүж ороход бэлэн;
🔹Дотроо ариун цэврийн өрөөтэй;
📍Байршил: СБД, 1-р хороо, Багшийн дээд урд, 103-н хойд талд, Lux center.",411 м²,Ашиглалтад орсон,47.912432 106.921754,,,https://www.unegui.mn/adv/8980012_lux-center-t-116-82-mkv-offis-khudaldana/
Цэцэрлэгт хүрээлэн,Баянмонгол хотхоны урд рaradise plaza д 100мкв оффис талбай,100,5.9,5.9,"УБ — Баянзүрх, Баянзүрх, Хороо 26",Нийтэлсэн: Өнөөдөр 15:30,8573776,"5.9 сая ₮
6.5 сая ₮","Paradise plaza-д 100м.кв оффисын талбай худалдана.
▪️16/9 давхарт
▪️хойшоо харсан цонхтой
▪️дуу тусгаарлалтын хана хаалгатай
▪️таазны өндөр 4.1м
▪️гэрчилгээ бэлэн
▪️м.кв үнэ: 5.9 сая
Байршил: бзд 26-р хороо баянмонгол хотхоны чанх урд зам дагуу.",100 м² м²,Ашиглалтад орсон,47.903294 106.948778,,,https://www.unegui.mn/adv/8573776_baianmongol-khotkhony-urd-paradise-plaza-d-100mkv-offis-talbai-khudaldana/
Дүнжингарав,"Худалдаа үйлчилгээ, сургалтын төв, цэцэрлэг, оффис",283,1420,5,"УБ — Баянзүрх, Чухаг хороолол",Нийтэлсэн: Өнөөдөр 15:43,9452571,"1.42 Тэрбум ₮
үнэ тохирно","🌟 Худалдах үйлчилгээний талбай - ЧУХАГ 2 хотхонд
📍 Байршил: БЗД, 26-р хороо, Дүнжингарав худалдааны төвийн урд, ЧУХАГ-2 хотхон
🏢 Талбайн хэмжээ: 283.7 м.кв
📐 Давхар: 2 давхарт
📄 Эзэмшлийн гэрчилгээ бэлэн
💰 Үнэ: 1 м.кв = 5,000,000₮
Нийт үнэ: 1,418,500,000₮
💳 Төлбөрийн нөхцөл:
• Банк болон ББСБ-ийн зээлээр авах боломжтой
• Бартер сонсоно
• Бэлэн төлөлтөөр худалдана",283 м²,Ашиглалтад орсон,47.9043790983856 106.948672858817,,,https://www.unegui.mn/adv/9452571_khudaldaa-uilchilgee-surgaltyn-tov-tsetserleg-offis-bolgozh-ashiglakh-bolomzhtoi/
Талбай,Талбайн баруун талд давхар 558.6 мк оффис,558,10.3,10.3,"УБ — Сүхбаатар, Сүхбаатар, Хороо 1",Нийтэлсэн: Өнөөдөр 16:01,9384445,10.3 сая ₮,"Талбайн баруун талд Хөдөлмөрийн ордонд давхар бүтнээрээ оффис талбай худалдана.
хэмжээ: 558.6 мк
мк үнэ: 10.300.000₮
нийт үнэ: 5.8 тэрбум",558 м²,Ашиглалтад орсон,47.912432 106.921754,,,https://www.unegui.mn/adv/9384445_talbain-baruun-tald-davkhar-butneeree-offis/
120 мянгат,Худ regis place-д оффис 100.22мкв талбай,100,1200,12,"УБ — Хан-Уул, 120 мянгат",Нийтэлсэн: Өнөөдөр 16:16,9209838,1.2 Тэрбум ₮,"REGIS PLACE-д 100.22 мкв оффис худалдана.
Хаяг: Хотын А бүс 120мянгат тэмээтэй хөшөөний зүүн хойно.
Давуу талууд:
✅Баруун, урагш харсан маш гоё харууцтай 10+ давхарт
✅Газар доорхи гурван давхар авто зогсоолтой
✅Цахилгаан машин цэнэглэгч
✅Нисдэг тэрэг буух талбайтай
✅Бельги улсад үйлдвэрлэгдсэн хэт ягаан туяанаас хамгаалсан 𝟑 давхар шилэн фасад
Худалдаа үйлчилгээ болон оффис , орон сууц хосолсон, Олон улсын стандартын дагуу баригдсан 𝐥𝐮𝐱𝐮𝐫𝐲 зэрэглэлийн барилга юм.
🌱 𝟏-𝟓давхарт худалдаа үйлчилгээ
🌱 𝟔-𝟏𝟏давхарт оффис
🌱𝟏𝟐-𝟐𝟎давхарт орон сууц байрлана",100 м² м²,Ашиглалтад орсон,47.901399 106.910038,,,https://www.unegui.mn/adv/9209838_regis-place-d-100-22-mkv-offis/
Цэцэрлэгт хүрээлэн,"Оффис, үйлчилгээний зориулалттай талбай",62,420.75,6.8,"УБ — Баянзүрх, Үндэсний цэцэрлэгт хүрээлэн",Нийтэлсэн: Өнөөдөр 16:16,9012114,"420.75 сая ₮
үнэ тохирно","Бзд-н 26-р хороонд оффис, үйлчилгээний зориулалттай талбай худалдана.
Давхар: 7 давхар
Талбайн хэмжээ: 62.7м2
Төлбөрийн нөхцөл: бэлэн болон банк
Хаяг: бзд 26р хороо, himchan center барилга",62 м²,Ашиглалтад орсон,47.9022915552129 106.939075813941,,,https://www.unegui.mn/adv/9012114_offis-uilchilgeenii-zoriulalttai-talbai/
19-р хороолол,Худ-н урд 89.6м2 оффис талбай,89,448,5,"УБ — Хан-Уул, Хан-Уул, Хороо 2",Нийтэлсэн: Өнөөдөр 16:16,9438033,448 сая ₮,"ХУД-н урд оффис талбай худалдана
Талбайн хэмжээ: 89,6
Үнэ: m2 5,000,000
Төлбөрийн нөхцөл: Бэлэн болон банкны зээлээр, батрер сонсоно
Хаяг: ХУД 2-р хороо
Орчны мэдээлэл: ХУД дүүргийн урд",89 м²,Ашиглалтад орсон,47.893878 106.887541,,,https://www.unegui.mn/adv/9438033_khud-n-urd-89-6m2-offis-talbai/
Талбай,Gerege tower бүрэн засалтай 261 м2 оффис,261,1960,7.5,"УБ — Сүхбаатар, Баянгол зочид буудал",Нийтэлсэн: Өнөөдөр 16:16,9416111,1.96 Тэрбум ₮,"Хотын төвд ""Gerege tower""-т 261.85m2 оффисын талбай худалдана
м2 үнэ: 7,500,000
Нийт үнэ: 1,963,875,000
Талбайн хэмжээ: 261.85m2
Байршил: Хүүхдийн паркийн баруун талд
Давхар: 2 давхарт
Ашиглалтад орсон он: 2014 он
Төлбөрийн нөхцөл: Бэлэн, банк, бартер сонсоно
Давуу тал: : Хотын төвд, төв зам дагуу байрлалтай,
оффис, үйлчилгээний чиглэлээр ашиглах боломжтой
✔️Өсөн нэмэгдэх үнэ цэнэ
✔️Цаг хугацаа хэмнэлт
✔️Бүрэн засвартай
Үйлдвэрлэл, оффис, үйлчилгээ, агуулах, бүх төрлөөр ашиглах боломжтой",261 м²,Ашиглалтад орсон,47.9125843314307 106.913763744651,,,https://www.unegui.mn/adv/9416111_gerege-tower-buren-zasaltai-261-m2-offis/
"40, 50 мянгат",Баруун 4 зам avanue residense талбай,68,497.37,7.3,"УБ — Чингэлтэй, Чингэлтэй, Хороо 2",Нийтэлсэн: Өнөөдөр 16:14,9368676,497.37 сая ₮,"Нарантуул зочид буудлын зүүн хойно
Avenue residence-д 68.13 м.кв 2 давхарын үйлчилгээний талбай худалдана.
✅ 2025 онд ашиглалтанд орсон
✅ Хэмжээ: 68.13 | 16/2 давхарт |
✅ Цонхны харууц: Зүүн болон хойшоо харсан цонхтой
✅ Урсдаг шатны хажууд
✅ Бүх төрлийн үйл ажиллагаа явуулах боломжтой.
💰 Нийт Үнэ: 497.369.000
✅ Төлбөрийн нөхцөл:
✔️ Бэлэн төлөлт;
✔️ Бартер оролцуулах боломжтой;
✔️ Банкны зээл ажлын 5 хоногт шийдэж өгөх боломжтой
✅ Нэмэлт мэдээлэл
📌Хотын А зэрэглэлийн үнэ цэнтэй байршил
📌Хотын өнгө төрхийг тольдох үзэмжит харууц
📌Тав тух, орон зай, архитектурын зөв төлөвлөлт
📌Ухаалаг байгууламжийн нэгдсэн систем
📌24 цагийн харуул хамгаалалт",68 м²,Ашиглалтад орсон,47.917773 106.898907,,,https://www.unegui.mn/adv/9368676_baruun-4-zam-avanue-residense-talbai-khudaldana/
,,,,,,,,,,,,,,,
,,,,,,,,,,,,,,,
,,,,,,,,,,,,,,,
,,,,,,,,,,,,,,,
,,,,6.9,,,,,,,,,,,
